timestamp,total
2026-05-05 13:12:22.197000+00:00,21.0
2026-05-05 13:12:32.197000+00:00,62.0
2026-05-05 13:12:42.197000+00:00,82.0
2026-05-05 13:12:52.197000+00:00,122.0
2026-05-05 13:13:02.197000+00:00,142.0
2026-05-05 13:13:02.197000+00:00,1.0
2026-05-05 13:13:12.197000+00:00,163.0
2026-05-05 13:13:12.197000+00:00,2.0
2026-05-05 13:13:22.197000+00:00,163.0
2026-05-05 13:13:22.197000+00:00,2.0
2026-05-05 13:13:32.197000+00:00,163.0
2026-05-05 13:13:32.197000+00:00,2.0
2026-05-05 13:13:42.197000+00:00,163.0
2026-05-05 13:13:42.197000+00:00,2.0
2026-05-05 13:13:52.197000+00:00,2.0
2026-05-05 13:13:52.197000+00:00,163.0
2026-05-05 13:14:02.197000+00:00,163.0
2026-05-05 13:14:02.197000+00:00,2.0
2026-05-05 13:14:12.197000+00:00,163.0
2026-05-05 13:14:12.197000+00:00,2.0
2026-05-05 13:14:22.197000+00:00,2.0
2026-05-05 13:14:22.197000+00:00,163.0
2026-05-05 13:14:32.197000+00:00,2.0
2026-05-05 13:14:32.197000+00:00,163.0
2026-05-05 13:14:42.197000+00:00,2.0
2026-05-05 13:14:42.197000+00:00,163.0
2026-05-05 13:14:52.197000+00:00,163.0
2026-05-05 13:14:52.197000+00:00,2.0
2026-05-05 13:15:02.197000+00:00,163.0
2026-05-05 13:15:02.197000+00:00,2.0
2026-05-05 13:15:12.197000+00:00,163.0
2026-05-05 13:15:12.197000+00:00,2.0
2026-05-05 13:15:22.197000+00:00,163.0
2026-05-05 13:15:22.197000+00:00,2.0
2026-05-05 13:15:32.197000+00:00,163.0
2026-05-05 13:15:32.197000+00:00,2.0
2026-05-05 13:15:42.197000+00:00,163.0
2026-05-05 13:15:42.197000+00:00,2.0
2026-05-05 13:15:52.197000+00:00,163.0
2026-05-05 13:15:52.197000+00:00,2.0
2026-05-05 13:16:02.197000+00:00,2.0
2026-05-05 13:16:02.197000+00:00,163.0
2026-05-05 13:16:12.197000+00:00,163.0
2026-05-05 13:16:12.197000+00:00,2.0
2026-05-05 13:16:22.197000+00:00,163.0
2026-05-05 13:16:22.197000+00:00,2.0
2026-05-05 13:16:32.197000+00:00,2.0
2026-05-05 13:16:32.197000+00:00,163.0
2026-05-05 13:16:42.197000+00:00,163.0
2026-05-05 13:16:42.197000+00:00,2.0
2026-05-05 13:16:52.197000+00:00,2.0
2026-05-05 13:16:52.197000+00:00,163.0
2026-05-05 13:17:02.197000+00:00,2.0
2026-05-05 13:17:02.197000+00:00,163.0
2026-05-05 13:17:12.197000+00:00,163.0
2026-05-05 13:17:12.197000+00:00,2.0
2026-05-05 13:17:22.197000+00:00,163.0
2026-05-05 13:17:22.197000+00:00,2.0
2026-05-05 13:17:32.197000+00:00,2.0
2026-05-05 13:17:32.197000+00:00,163.0
2026-05-05 13:17:42.197000+00:00,2.0
2026-05-05 13:17:42.197000+00:00,163.0
2026-05-05 13:17:52.197000+00:00,2.0
2026-05-05 13:17:52.197000+00:00,163.0
2026-05-05 13:18:02.197000+00:00,163.0
2026-05-05 13:18:02.197000+00:00,2.0
2026-05-05 13:18:12.197000+00:00,2.0
2026-05-05 13:18:12.197000+00:00,163.0
2026-05-05 13:18:22.197000+00:00,2.0
2026-05-05 13:18:22.197000+00:00,163.0
2026-05-05 13:18:32.197000+00:00,2.0
2026-05-05 13:18:32.197000+00:00,163.0
2026-05-05 13:18:42.197000+00:00,2.0
2026-05-05 13:18:42.197000+00:00,163.0
2026-05-05 13:18:52.197000+00:00,2.0
2026-05-05 13:18:52.197000+00:00,163.0
2026-05-05 13:19:02.197000+00:00,2.0
2026-05-05 13:19:02.197000+00:00,163.0
2026-05-05 13:19:12.197000+00:00,2.0
2026-05-05 13:19:12.197000+00:00,163.0
2026-05-05 13:19:22.197000+00:00,2.0
2026-05-05 13:19:22.197000+00:00,163.0
2026-05-05 13:19:32.197000+00:00,2.0
2026-05-05 13:19:32.197000+00:00,163.0
2026-05-05 13:19:42.197000+00:00,163.0
2026-05-05 13:19:42.197000+00:00,2.0
2026-05-05 13:19:52.197000+00:00,2.0
2026-05-05 13:19:52.197000+00:00,163.0
2026-05-05 13:20:02.197000+00:00,163.0
2026-05-05 13:20:02.197000+00:00,2.0
2026-05-05 13:20:12.197000+00:00,163.0
2026-05-05 13:20:12.197000+00:00,2.0
2026-05-05 13:20:22.197000+00:00,163.0
2026-05-05 13:20:22.197000+00:00,2.0
2026-05-05 13:20:32.197000+00:00,163.0
2026-05-05 13:20:32.197000+00:00,2.0
2026-05-05 13:20:42.197000+00:00,163.0
2026-05-05 13:20:42.197000+00:00,2.0
2026-05-05 13:20:52.197000+00:00,163.0
2026-05-05 13:20:52.197000+00:00,2.0
2026-05-05 13:21:02.197000+00:00,2.0
2026-05-05 13:21:02.197000+00:00,163.0
2026-05-05 13:21:12.197000+00:00,2.0
2026-05-05 13:21:12.197000+00:00,163.0
2026-05-05 13:21:22.197000+00:00,163.0
2026-05-05 13:21:22.197000+00:00,2.0
2026-05-05 13:21:32.197000+00:00,2.0
2026-05-05 13:21:32.197000+00:00,163.0
2026-05-05 13:21:42.197000+00:00,163.0
2026-05-05 13:21:42.197000+00:00,2.0
2026-05-05 13:21:52.197000+00:00,163.0
2026-05-05 13:21:52.197000+00:00,2.0
2026-05-05 13:22:02.197000+00:00,163.0
2026-05-05 13:22:02.197000+00:00,2.0
2026-05-05 13:22:12.197000+00:00,2.0
2026-05-05 13:22:12.197000+00:00,163.0
2026-05-05 13:22:22.197000+00:00,2.0
2026-05-05 13:22:22.197000+00:00,163.0
2026-05-05 13:22:32.197000+00:00,163.0
2026-05-05 13:22:32.197000+00:00,2.0
2026-05-05 13:22:42.197000+00:00,2.0
2026-05-05 13:22:42.197000+00:00,163.0
2026-05-05 13:22:52.197000+00:00,2.0
2026-05-05 13:22:52.197000+00:00,163.0
2026-05-05 13:23:02.197000+00:00,2.0
2026-05-05 13:23:02.197000+00:00,163.0
2026-05-05 13:23:12.197000+00:00,2.0
2026-05-05 13:23:12.197000+00:00,163.0
2026-05-05 13:23:22.197000+00:00,163.0
2026-05-05 13:23:22.197000+00:00,2.0
2026-05-05 13:23:32.197000+00:00,2.0
2026-05-05 13:23:32.197000+00:00,163.0
2026-05-05 13:23:42.197000+00:00,2.0
2026-05-05 13:23:42.197000+00:00,163.0
2026-05-05 13:23:52.197000+00:00,2.0
2026-05-05 13:23:52.197000+00:00,163.0
2026-05-05 13:24:02.197000+00:00,163.0
2026-05-05 13:24:02.197000+00:00,2.0
2026-05-05 13:24:12.197000+00:00,2.0
2026-05-05 13:24:12.197000+00:00,163.0
2026-05-05 13:24:22.197000+00:00,2.0
2026-05-05 13:24:22.197000+00:00,163.0
2026-05-05 13:24:32.197000+00:00,2.0
2026-05-05 13:24:32.197000+00:00,163.0
2026-05-05 13:24:42.197000+00:00,2.0
2026-05-05 13:24:42.197000+00:00,163.0
2026-05-05 13:24:52.197000+00:00,2.0
2026-05-05 13:24:52.197000+00:00,163.0
2026-05-05 13:25:02.197000+00:00,2.0
2026-05-05 13:25:02.197000+00:00,163.0
2026-05-05 13:25:12.197000+00:00,2.0
2026-05-05 13:25:12.197000+00:00,163.0
2026-05-05 13:25:22.197000+00:00,2.0
2026-05-05 13:25:22.197000+00:00,163.0
2026-05-05 13:25:32.197000+00:00,2.0
2026-05-05 13:25:32.197000+00:00,163.0
2026-05-05 13:25:42.197000+00:00,163.0
2026-05-05 13:25:42.197000+00:00,2.0
2026-05-05 13:25:52.197000+00:00,163.0
2026-05-05 13:25:52.197000+00:00,2.0
